,0,1,2,3,4,5,6,7,8,9,10,11,12,13,14,15,16,17,18,19,20,21,22,23,24,25,26,27,28,29,30,31,32,33,34,35,36,37,38,39,40,41,42,43,44,45,46,47,48,49,50,51,52,53,54,55,56,57,58,59
1980,286.69452,286.57108,286.65973,286.66782,286.6199,286.6851,286.76767,286.617,286.6341,286.63434,286.67914,286.62552,286.5179,286.5037,286.49887,286.49374,286.46335,286.4369,286.55942,286.5167,286.51456,286.6345,286.49112,286.4788,286.4639,286.47162,286.5105,286.4716,286.4829,286.50717,286.51028,286.4578,286.65274,286.52924,286.5427,286.51193,286.5008,286.49307,286.4564,286.4601,286.51358,286.504,286.41577,286.61508,286.47693,286.46744,286.53467,286.4602,286.4802,286.40805,286.48776,286.41724,286.5004,286.52164,286.66003,286.52866,286.60233,286.60297,286.6587,286.58777
1981,286.74045,286.7043,286.67877,286.72635,286.69055,286.74026,286.77612,286.61853,286.60007,286.7654,286.66873,286.70264,286.63333,286.60013,286.58755,286.52554,286.57462,286.67862,286.57004,286.60385,286.562,286.6789,286.64624,286.51913,286.46606,286.55783,286.5776,286.56223,286.6314,286.45694,286.55576,286.49817,286.5504,286.69308,286.5664,286.61273,286.685,286.55255,286.5898,286.55707,286.58032,286.55963,286.43973,286.69376,286.45636,286.57333,286.62186,286.71054,286.70523,286.66376,286.6173,286.61417,286.72095,286.62323,286.7845,286.68167,286.6794,286.54346,286.7527,286.7627
1982,286.63364,286.5939,286.76883,286.53415,286.6249,286.86002,286.64554,286.64746,286.6295,286.63208,286.59912,286.6886,286.63376,286.5924,286.66,286.67166,286.57687,286.62747,286.63916,286.58408,286.4789,286.5795,286.58054,286.608,286.5458,286.66037,286.63556,286.6009,286.61212,286.605,286.74408,286.5192,286.55457,286.681,286.3448,286.64178,286.57642,286.43387,286.47763,286.47797,286.59738,286.58817,286.50998,286.5454,286.53098,286.43924,286.60648,286.8193,286.65402,286.6676,286.65805,286.65768,286.4968,286.5751,286.6937,286.66486,286.58908,286.46753,286.55103,286.7378
1983,286.51468,286.55875,286.58755,286.47263,286.5141,286.56564,286.47293,286.67856,286.5717,286.50366,286.61124,286.54916,286.4056,286.44647,286.58826,286.5004,286.5356,286.46793,286.5642,286.5073,286.53775,286.80075,286.4351,286.56653,286.48,286.3481,286.4942,286.48123,286.373,286.46063,286.57474,286.5795,286.62094,286.55075,286.4482,286.34012,286.50125,286.27353,286.36954,286.23203,286.49738,286.58926,286.51584,286.44232,286.59915,286.34573,286.43552,286.63144,286.47726,286.41388,286.4295,286.4026,286.4943,286.3773,286.4574,286.34726,286.52408,286.5093,286.43576,286.72513
1984,286.62796,286.6418,286.69284,286.59103,286.45908,286.49908,286.4752,286.6882,286.59714,286.4404,286.73178,286.54404,286.64273,286.4932,286.56558,286.62122,286.52173,286.48438,286.48148,286.53824,286.57446,286.69357,286.62888,286.69427,286.5901,286.4689,286.73975,286.57053,286.41165,286.62228,286.63776,286.56277,286.5374,286.4216,286.4316,286.52786,286.63977,286.36435,286.50577,286.53687,286.496,286.73907,286.53616,286.4429,286.4822,286.65805,286.5085,286.541,286.3934,286.50916,286.4391,286.47296,286.55807,286.55505,286.57706,286.48056,286.62637,286.53452,286.46033,286.5487
1985,286.6224,286.58917,286.63373,286.69717,286.6243,286.71146,286.47125,286.55093,286.5421,286.51938,286.58252,286.51468,286.72052,286.58786,286.6151,286.82425,286.53702,286.45773,286.58957,286.59677,286.60922,286.59824,286.8002,286.6927,286.46317,286.63562,286.65466,286.58084,286.6236,286.7186,286.61835,286.64078,286.5895,286.45325,286.7388,286.63205,286.56888,286.42587,286.64328,286.64658,286.4952,286.68387,286.59195,286.62943,286.57492,286.70273,286.65427,286.51865,286.3851,286.51782,286.49307,286.55685,286.42136,286.52405,286.63373,286.60254,286.62558,286.6487,286.53134,286.67374
1986,286.64066,286.56155,286.5988,286.71542,286.6841,286.77393,286.61972,286.5456,286.66245,286.5229,286.61777,286.50955,286.7128,286.44467,286.64597,286.74194,286.5314,286.49368,286.58163,286.77365,286.64114,286.57184,286.5986,286.55963,286.6073,286.63187,286.71307,286.7246,286.67758,286.66977,286.5425,286.72763,286.62256,286.46506,286.75903,286.5551,286.5188,286.53815,286.72592,286.62595,286.55118,286.62918,286.7699,286.6587,286.48645,286.5752,286.7299,286.56738,286.4512,286.57095,286.65967,286.52243,286.57333,286.57578,286.6061,286.60474,286.45013,286.63248,286.64655,286.69736
1987,286.73392,286.63098,286.68533,286.7933,286.59656,286.74777,286.57657,286.66934,286.6126,286.71378,286.6865,286.52625,286.71118,286.48468,286.72934,286.6836,286.6475,286.54913,286.64783,286.68307,286.69098,286.6348,286.5701,286.59628,286.7753,286.59457,286.68784,286.70242,286.52484,286.60098,286.4993,286.6622,286.78543,286.65558,286.7538,286.68427,286.60428,286.66672,286.74106,286.60492,286.5528,286.7876,286.7419,286.5587,286.568,286.67545,286.86285,286.58072,286.55246,286.5837,286.77115,286.84717,286.7039,286.58896,286.7302,286.6409,286.59503,286.5301,286.5954,286.62488
1988,286.76663,286.74515,286.70013,286.667,286.76382,286.6615,286.5346,286.7288,286.68008,286.85306,286.75012,286.50607,286.76584,286.48746,286.7115,286.82596,286.66476,286.60315,286.77274,286.69247,286.791,286.75906,286.58652,286.77963,286.80698,286.65207,286.522,286.6248,286.72916,286.68442,286.58325,286.66202,286.6481,286.7808,286.77658,286.77658,286.53552,286.73972,286.79526,286.55896,286.61838,286.87442,286.67966,286.6661,286.62027,286.55148,286.7854,286.7402,286.6268,286.74075,286.5521,286.7804,286.62216,286.81174,286.70364,286.61612,286.72388,286.66647,286.72244,286.69684
1989,286.79343,286.81522,286.74124,286.7113,286.99225,286.71317,286.61224,286.9628,286.753,286.76355,286.59677,286.72992,286.6487,286.60843,286.9373,286.69922,286.56952,286.7496,286.7908,286.6544,286.70093,286.6902,286.6149,286.94754,286.70413,286.81357,286.64584,286.69022,286.81067,286.8048,286.91547,286.69168,286.6954,286.67734,286.6838,286.86307,286.68445,286.58795,286.85214,286.743,286.76334,286.941,286.7353,286.66116,286.75244,286.6323,286.57794,286.82578,286.71786,286.87033,286.72922,286.62296,286.603,286.85703,286.72458,286.71616,286.73666,286.8482,286.79703,286.6366
1990,286.77097,286.81403,286.81866,286.75058,286.83954,286.79474,286.80258,286.93344,286.8058,286.73965,286.6793,286.821,286.77817,286.65958,286.87527,286.73138,286.7444,286.88412,286.80444,286.67026,286.6561,286.65378,286.79602,286.84427,286.8355,286.7621,286.7687,286.62436,286.81265,286.84366,286.82925,286.76013,286.87256,286.6929,286.7346,286.75162,286.521,286.6295,286.75803,286.82617,286.72037,286.82578,286.64236,286.67346,286.85178,286.74084,286.64465,286.7579,286.6904,286.76108,286.71768,286.79224,286.78122,286.6893,286.83447,286.81384,286.71445,286.91403,286.81235,286.63382
1991,286.71268,286.8242,286.64185,286.76,286.68893,286.7247,286.6783,286.77878,286.83636,286.66513,286.70084,286.66275,286.6931,286.64203,286.7539,286.9439,286.7754,286.7373,286.8085,286.55777,286.6743,286.7906,286.72894,286.60654,286.68777,286.71735,286.8516,286.71448,286.71793,286.70752,286.74625,286.83057,286.7219,286.6599,286.74808,286.71246,286.70126,286.64383,286.75165,286.77408,286.78702,286.63794,286.65396,286.77423,286.6924,286.89395,286.66013,286.68237,286.6113,286.79373,286.7282,286.62918,286.77902,286.5929,286.76038,286.81494,286.61838,286.7919,286.78424,286.64227
1992,286.54346,286.74893,286.64566,286.6508,286.45114,286.78076,286.49478,286.64627,286.62985,286.4509,286.4924,286.4311,286.49854,286.36066,286.6918,286.68185,286.56174,286.62134,286.5715,286.61578,286.65366,286.59317,286.62527,286.47943,286.56116,286.52567,286.62924,286.48676,286.45706,286.5114,286.53983,286.60983,286.64276,286.61697,286.3986,286.63675,286.60706,286.55338,286.49643,286.51913,286.503,286.55557,286.5427,286.49704,286.63705,286.541,286.4456,286.4623,286.63373,286.64282,286.6154,286.66348,286.68405,286.44357,286.6483,286.66403,286.61758,286.60086,286.72433,286.4929
1993,286.5939,286.78,286.73856,286.72797,286.53256,286.61874,286.50195,286.74698,286.72256,286.56116,286.56674,286.45944,286.64862,286.68124,286.6551,286.48676,286.6788,286.7792,286.64432,286.7447,286.6381,286.53543,286.69736,286.75406,286.6688,286.49954,286.49374,286.65305,286.5025,286.72714,286.629,286.606,286.7037,286.6262,286.47183,286.74097,286.73862,286.8213,286.52066,286.50415,286.5817,286.6817,286.71625,286.4572,286.57184,286.5776,286.5468,286.69016,286.66037,286.6165,286.74832,286.5858,286.45435,286.55588,286.59985,286.7558,286.69922,286.6189,286.74484,286.63687
1994,286.60806,286.6651,286.72623,286.7192,286.7352,286.64236,286.56967,286.5967,286.56046,286.75595,286.75818,286.64236,286.73248,286.85022,286.72574,286.59882,286.6925,286.8495,286.64392,286.6623,286.57544,286.76508,286.71878,286.68253,286.6088,286.59055,286.51486,286.6346,286.61368,286.8382,286.5615,286.8329,286.72433,286.69928,286.56693,286.66605,286.63428,286.6976,286.69193,286.54803,286.639,286.64676,286.7952,286.6517,286.71042,286.73404,286.5881,286.82016,286.71457,286.78265,286.73837,286.61002,286.54,286.6638,286.74716,286.57397,286.6514,286.68146,286.69565,286.78793
1995,286.85214,286.66553,286.79153,286.7059,286.67422,286.68274,286.8251,286.6748,286.64725,286.70822,286.64124,286.59933,286.69052,286.6497,286.85196,286.7756,286.69482,286.89243,286.68872,286.65744,286.55716,286.63974,286.7018,286.71457,286.72964,286.907,286.70404,286.69058,286.6175,286.85983,286.63623,286.79984,286.8943,286.87595,286.72702,286.7291,286.76868,286.6829,286.84586,286.6083,286.85464,286.64862,286.82773,286.72058,286.82562,286.7327,286.61163,286.84543,286.62393,286.92383,286.71695,286.71454,286.7888,286.74753,286.77115,286.5088,286.63727,286.54648,286.79105,286.80026
1996,286.86728,286.79892,286.8767,286.70316,286.6409,286.61606,286.8835,286.7076,286.81027,286.74698,286.75223,286.63907,286.77652,286.75125,286.87363,286.90897,286.78696,286.97784,286.86572,286.70496,286.7181,286.6455,286.75046,286.89154,286.6976,286.8009,286.76758,286.85754,286.6569,286.81094,286.73895,286.79083,286.73114,286.80832,286.67303,286.70328,286.80103,286.86032,286.9052,286.83865,286.71796,286.67172,286.76242,286.90936,286.79004,286.73032,286.6399,286.9631,286.73984,286.70554,286.7252,286.89035,286.8623,286.87033,286.78256,286.65585,286.6763,286.8341,286.8985,286.94553
1997,286.86652,286.82257,286.7156,286.81546,286.8461,286.80515,286.88016,286.7483,286.8751,286.70456,286.8405,286.74527,286.73056,286.81107,286.87595,286.7628,286.79367,286.8679,286.9872,286.83008,286.7233,286.8745,286.91672,286.82462,286.60272,286.76654,286.79666,286.98706,286.7321,286.91357,286.7975,286.7928,286.7578,286.8974,286.72076,286.9435,286.7242,286.97263,286.84747,287.04935,286.73154,286.73587,286.74847,286.92197,286.85776,286.76218,286.68582,286.96017,286.81607,286.76608,286.8706,286.93845,286.83365,286.89914,286.71408,286.84424,286.67148,286.80392,286.80063,286.97363
1998,286.79852,286.88016,286.77246,286.8472,286.9587,286.8648,286.79553,286.87027,286.84372,286.7657,287.01608,286.7934,286.65158,286.97006,286.76428,286.87622,286.85562,286.94168,286.90738,286.90778,286.7555,287.01416,286.8859,286.82217,286.7309,286.92477,286.8797,286.80893,286.80032,286.7338,286.74774,286.83105,286.8818,286.928,286.83353,286.91772,286.88077,287.08273,286.75537,286.9196,286.7818,286.75525,286.8529,287.02878,286.8533,286.86874,286.95654,286.8574,287.06265,286.7454,286.90677,286.79694,286.80872,286.81726,286.78613,286.91757,286.81927,286.64645,286.70868,286.8749
1999,286.85574,286.83636,286.84305,286.67642,286.96414,286.96878,286.9034,287.17502,286.9915,286.88425,286.94418,286.75027,286.7195,287.04324,286.762,286.9622,286.87338,287.02835,286.90497,286.83188,286.7656,286.84152,287.01974,287.0336,286.80634,286.89066,286.9553,286.7249,286.7424,286.79065,287.0001,286.9535,286.8159,286.7454,286.8695,286.77676,286.90247,287.02734,286.75272,286.8986,286.92416,286.9109,286.93497,287.0288,286.96844,286.93063,286.93668,286.77258,286.953,286.86243,286.7211,286.86496,286.81662,286.8697,286.92856,286.90298,286.8742,286.8048,286.8768,286.9129
2000,286.8301,286.8226,286.8493,286.9321,286.94635,286.91995,286.95197,287.20718,287.04605,286.8036,286.98502,286.98624,286.72034,286.96036,286.8804,286.9009,286.92245,287.04688,286.90256,286.7596,286.86252,286.82477,287.12296,286.96753,286.91708,287.01083,287.01,286.79105,286.77942,286.93762,287.05734,286.99417,286.98636,286.812,286.97635,286.89798,286.86063,287.00787,286.77267,286.96863,287.04498,286.81522,286.89774,287.08716,287.00327,287.09897,286.95206,286.78653,286.90698,287.05402,286.7833,286.95197,286.91904,286.95145,287.03366,287.05392,286.86633,286.91547,287.0905,286.98346
2001,286.84232,286.988,287.0246,287.01834,287.08743,286.89853,287.01675,286.9271,287.0732,286.92838,287.02997,286.9731,286.7231,286.8775,287.01965,286.9277,287.0958,286.9719,286.863,286.9324,287.04965,286.933,286.99484,286.82425,286.8128,287.02557,287.0908,286.95688,286.94363,286.77097,286.95166,286.9604,287.0303,286.9592,286.99673,286.89648,286.93826,287.0233,286.83328,286.99738,287.09756,286.8961,286.9608,286.93134,287.06747,287.0807,286.8462,286.965,287.10794,286.89948,286.8325,287.03732,286.94012,286.98,287.04788,286.9802,287.0342,286.89432,286.97983,286.9926
2002,286.92996,286.9205,287.02304,286.96127,287.09775,286.92465,287.01602,287.00308,287.1223,287.0676,287.1616,287.03268,287.0057,287.0622,287.11203,286.95566,287.1677,286.99777,286.8815,286.86246,286.9471,287.0461,287.02457,286.88138,286.7808,286.9559,287.2712,287.07153,287.01794,287.0037,287.02444,286.93668,286.87082,287.04758,286.86905,286.9489,286.91425,287.0105,286.9199,286.99826,287.08582,286.98102,287.00137,286.7995,287.0067,287.0687,286.73706,286.89447,286.9954,286.9667,286.99295,286.9854,286.97272,287.01688,287.0301,286.9508,287.14487,286.974,287.02496,286.88107
2003,287.06903,287.09518,286.87872,287.0097,287.22318,286.9647,287.03488,287.14096,287.02737,286.97598,287.21152,287.07413,286.89093,287.00317,287.03836,287.02945,287.2473,286.91226,287.05075,286.89996,286.93082,286.97986,287.09506,287.02594,286.77338,287.02988,287.06256,287.1215,286.9153,286.975,287.09723,287.08176,286.99316,286.93643,287.00803,286.87906,286.90643,286.8791,286.8939,287.02472,287.11737,286.9464,287.1108,286.84763,287.14645,287.03308,286.84555,286.98953,286.8336,287.0919,287.00305,286.99448,286.96762,286.89844,286.8517,286.9675,287.16833,287.03516,287.0622,287.13156
2004,286.99234,287.03915,286.85495,287.0931,287.26816,287.0878,287.15457,286.9445,287.11072,287.01007,287.1846,287.1088,286.87982,286.9845,287.0619,286.9692,287.04446,287.04468,286.95007,287.0698,286.9983,287.09158,286.95792,286.9708,286.94278,287.04233,287.09787,287.02444,286.91675,286.95377,287.11426,287.085,287.09525,287.20004,287.0024,286.8605,287.1143,287.1561,286.8817,286.98575,287.04727,286.9084,287.13867,287.0465,287.034,287.12158,286.94345,287.10907,286.88263,286.9688,286.84387,287.1283,286.91837,286.88998,286.9003,286.9861,286.8782,286.99924,287.08658,287.03677
2005,287.06912,287.04343,286.93954,287.06433,287.15527,287.01486,287.0777,286.9663,287.01505,287.07672,286.8833,287.12186,286.94797,286.90457,286.97385,286.96127,287.04108,287.02194,286.84598,286.9955,286.93225,287.24704,286.77072,286.9172,286.9496,287.0078,287.2059,287.07364,287.00674,287.03384,287.04196,286.94785,287.06863,287.17932,287.12897,287.01816,286.9408,287.21658,287.0931,286.98972,287.03043,286.84775,287.08148,287.10297,286.98087,287.05374,286.99966,287.21228,286.92917,286.8689,286.84833,287.01517,287.06976,286.96362,286.99518,287.03006,286.9191,286.87558,287.01065,287.03076
2006,287.07742,287.15762,287.08936,287.04947,286.89877,286.9675,287.10117,287.0861,287.07895,286.9887,286.85144,287.03842,287.1109,287.05197,287.13046,287.00504,287.07114,287.0281,286.76425,286.93344,286.87088,286.0494,286.8823,287.08072,287.03732,287.056,287.0709,287.22983,287.02188,286.9369,286.86514,287.0175,287.08267,287.1024,287.24066,286.87198,287.00803,286.984,287.0332,286.9233,287.04333,286.84387,287.09482,287.20493,286.86963,287.08725,287.04675,287.0629,286.92603,286.90155,287.04187,287.07343,287.1721,287.05438,286.9219,286.9803,287.04233,286.88327,287.0598,286.89902
2007,287.1432,287.17487,287.0312,287.02267,287.02982,287.111,287.02374,287.11288,287.17337,287.11682,287.07062,286.9105,286.85776,287.05484,287.09006,287.0783,287.0527,286.96603,286.92255,287.12405,286.99072,286.39813,286.99527,287.11768,287.02078,287.0167,286.9088,287.108,286.99237,287.00372,286.8936,287.084,287.1169,287.0305,287.28436,286.88358,287.08908,286.91635,286.95032,286.9566,287.16803,286.97256,286.8967,287.01645,286.91415,286.93588,287.03757,287.15515,287.08713,286.98953,287.05038,287.19748,286.9821,287.0088,286.68362,286.79028,287.12863,286.84702,287.0463,286.9505
2008,287.14905,287.10147,287.1039,286.99625,287.26797,287.20996,287.08566,287.08228,287.14618,286.88525,287.18024,287.0304,287.00742,286.97018,287.02255,286.9055,287.03378,287.0037,287.0646,287.0623,287.0062,286.5165,286.94577,287.3178,286.85587,287.08765,286.90552,287.03168,286.6216,287.19064,286.944,287.08615,287.09186,286.981,287.34982,287.0651,287.17392,287.0457,286.94745,287.12967,287.21622,286.96234,287.01492,286.99554,287.08273,286.92953,286.93066,287.15692,287.08194,287.28046,287.21188,287.0881,286.98196,287.04276,286.7963,286.86783,287.0947,287.0262,287.01627,287.15244
2009,287.08713,286.94733,287.29788,287.0986,287.0834,287.061,287.18265,287.0129,287.23563,286.35385,287.10913,287.163,287.0141,286.97647,286.9807,287.05496,287.05246,287.0759,286.95236,287.13327,287.13724,286.7278,286.91162,287.08597,286.96835,287.11313,286.91794,286.9808,286.73145,286.7692,286.56247,287.12524,286.99008,287.03854,287.1015,287.1534,287.14987,287.24002,287.13605,287.079,287.04324,287.05374,286.99875,286.97586,287.08926,286.8751,286.8754,287.11743,287.06726,287.1003,287.24905,287.07562,286.94537,287.0007,286.8422,286.97284,287.11984,286.5293,287.09805,286.9717
2010,287.03854,287.022,287.2762,287.12595,287.04648,286.99533,287.11804,287.12848,287.03043,286.6174,287.11926,287.31888,286.92438,287.063,287.19153,287.11874,287.04422,287.0338,287.0123,287.1374,287.1558,286.79172,287.00513,287.21973,287.11417,286.68143,287.25256,287.08643,286.8452,286.428,286.71652,287.0524,287.10654,287.07544,287.0807,286.96704,287.08926,287.2174,287.19327,287.1619,287.05078,287.00583,286.983,287.0629,287.00137,286.9368,286.9745,287.29434,287.06668,286.92374,287.14697,287.0668,286.95984,286.80594,286.90134,287.07346,287.19946,286.90155,287.2465,286.9008
2011,287.08862,287.02975,286.99356,287.06277,287.0628,287.07712,287.0617,287.2349,287.00067,286.63852,287.08835,287.1388,287.11545,287.22687,287.04276,287.04214,287.1963,287.07114,286.99338,287.24866,286.86212,286.93857,287.19565,287.1658,287.18658,286.59283,287.35583,287.18643,286.9209,286.47507,286.93896,287.02417,287.24326,287.17917,286.99557,286.79483,287.31827,287.2205,287.0873,287.17447,287.03665,287.084,287.05627,287.16284,286.95792,287.04556,286.98184,287.25162,287.0953,287.12613,287.2631,287.03345,286.85736,286.98117,287.1886,287.02286,287.3461,286.92447,287.21555,287.07147
2012,287.26407,287.12872,287.1065,287.25723,287.2913,287.07822,287.13943,287.24783,287.08762,286.72702,286.95987,286.97806,287.21222,287.07788,287.0502,286.97305,287.18536,287.28708,287.04483,287.0856,287.03494,287.0308,287.22174,287.18307,287.06406,286.7533,287.17703,287.0487,287.0541,286.73523,286.9711,287.07773,287.05765,287.0309,287.04446,286.8373,287.27954,287.13248,287.01096,287.14035,287.1207,287.10922,287.19583,287.02737,287.02304,287.369,286.9686,287.09396,287.1271,287.1215,287.19937,287.0339,286.91165,287.14517,286.98862,287.07568,287.20004,287.00473,287.20535,287.19254
2013,287.1877,287.05145,287.2535,287.2677,287.2344,287.1642,287.06894,287.23077,287.25024,286.78357,287.01376,287.21744,287.25183,287.29312,287.08023,287.0612,287.1745,287.38098,287.00894,287.07364,287.05466,287.162,287.16763,287.06827,287.14017,286.77893,287.23154,287.1187,286.97742,286.85907,286.978,287.2275,286.98737,287.17453,287.22,287.13242,287.2017,287.22183,287.0616,287.2148,287.11404,287.2454,287.20212,287.05643,286.95572,287.16525,287.15363,287.2624,287.03824,287.19046,287.19595,287.22964,287.15936,287.18655,287.0262,287.11948,287.05704,286.955,287.21338,287.07327
2014,287.1753,287.0468,287.3028,287.21854,287.0612,287.26193,286.94986,287.1954,287.24335,287.01135,287.10452,287.28714,287.21887,287.22495,287.28177,287.2006,287.04636,287.28738,286.97293,287.1143,287.21384,287.18427,287.16196,287.2323,287.1653,286.80734,287.17575,287.05087,286.97076,287.05087,287.04526,287.11002,287.11624,287.2316,287.12823,287.2258,287.1415,287.11008,287.18286,287.21753,287.10617,287.23218,287.01334,287.13443,287.1073,286.31638,287.21823,287.1229,287.11728,287.1346,286.9542,287.23782,287.2142,287.2241,287.2208,287.1137,287.09335,287.0656,287.18237,287.10864
2015,287.07138,287.24847,287.24844,287.29184,287.06418,287.30252,287.1837,287.09598,287.2775,287.08432,287.3101,287.16516,287.13736,287.0104,287.32437,287.15018,287.17203,287.15778,287.17166,287.17587,287.08423,287.12595,287.12842,287.3015,287.21487,286.95193,287.1558,287.1039,287.1216,286.9208,286.97623,287.02963,287.09122,287.09543,287.26566,287.0336,287.2278,287.1751,287.11368,287.27618,287.17783,287.1463,286.98975,287.2275,287.1548,286.44803,287.31073,287.3671,287.09146,287.17996,286.96884,287.06662,286.97076,287.34183,287.0873,287.22363,287.0847,287.11075,287.2042,287.2756
2016,287.23404,287.21927,287.214,287.2908,287.11862,287.28113,287.2179,287.1776,287.27292,287.0529,287.37555,287.08356,287.26984,287.2097,287.17276,287.12057,287.27515,287.2376,287.2075,287.14673,287.19833,287.1876,287.15604,287.10086,287.34573,286.998,287.2818,286.47864,287.23965,286.99246,287.09998,287.13544,287.2118,287.02673,287.4156,287.16156,287.14124,287.1018,287.0815,286.85907,287.16696,287.1038,287.15182,287.155,287.16553,286.5246,287.35474,287.52036,287.10422,287.29984,287.09766,286.95993,287.17383,287.20718,287.19125,287.08054,287.1766,287.2316,287.19894,287.19922
2017,287.28354,287.09634,287.20087,287.33505,287.27737,287.17496,287.28452,287.3448,287.1664,287.1489,287.3358,287.1358,287.36252,286.82968,287.26578,287.20505,287.3512,287.2237,287.13358,287.16415,287.3204,287.27414,287.24643,287.2161,287.254,287.14392,287.19873,286.0683,287.2991,287.09103,287.1249,287.19864,287.38535,287.10898,287.28702,287.18536,287.1528,287.0862,287.14136,286.8014,287.17722,287.18918,287.22318,287.2059,287.2597,286.736,287.22546,287.2745,287.1468,287.2612,287.21555,287.0254,287.09448,287.27386,287.1716,287.2562,287.2124,287.32022,287.15115,287.2391
2018,287.46497,287.18576,287.19632,287.42346,287.08752,287.13406,287.3514,287.3493,287.33194,287.0567,287.23022,287.2296,287.21146,286.8032,287.37717,287.1973,287.16345,287.23776,287.26572,287.2228,287.34607,287.16946,287.1998,287.316,287.2414,287.29004,287.23218,286.26053,287.32132,287.187,287.2747,287.16467,287.1981,287.3409,287.27057,287.28986,287.21033,287.15866,287.12018,287.01413,287.21158,287.1761,287.25278,287.30505,287.24268,286.9412,287.08212,287.17435,287.23233,287.2589,287.17798,287.19897,287.27737,287.24765,287.16132,287.2192,287.27505,287.33264,287.31665,287.27472
2019,287.35007,287.36374,287.33524,287.19254,287.20096,287.22366,287.14426,287.31924,287.3253,287.1164,287.31393,287.23788,287.16522,287.0499,287.4648,287.28122,287.16296,287.46558,287.27695,287.21655,287.32214,287.21014,287.11398,287.01974,287.32364,287.31027,287.40427,286.5212,287.20108,287.2529,287.44632,287.28152,287.17438,287.45807,287.31894,287.15982,287.34384,287.10794,287.05887,287.13425,287.15842,287.24942,287.26193,287.33182,287.29163,286.85464,287.217,287.3038,287.3978,287.37402,287.15674,287.18008,287.11826,287.20126,287.2465,287.43756,287.18832,287.3337,287.47635,287.13943
2020,287.017,287.38428,287.2715,287.24442,287.36697,287.45956,287.25497,287.33743,287.21512,287.2554,287.312,287.319,287.15427,287.21002,287.3371,287.31616,287.25027,287.46713,287.30185,287.1619,287.32553,287.32202,287.178,286.95108,287.39804,287.2228,287.29572,286.7775,287.29337,287.25693,287.27783,287.35165,287.1771,287.25577,287.21225,287.33142,287.09952,287.21976,286.93396,287.08932,287.18774,287.31857,287.2576,287.3646,287.22302,287.0629,287.2686,287.3706,287.29163,287.2902,287.2994,287.17532,287.08994,287.31516,287.26852,287.32712,287.35202,287.52817,287.328,287.28436
2021,287.1423,287.21658,287.35736,287.22928,287.35794,287.2827,287.39566,287.50528,287.22928,287.07132,287.4213,287.53867,287.28854,287.23544,287.2889,287.25336,287.29395,287.34183,287.36563,287.2228,287.39478,287.2893,287.44714,287.05765,287.40933,287.14856,287.4921,286.97574,287.37845,287.3694,287.30048,287.1772,287.29404,287.23694,287.0958,287.3023,287.2689,287.21744,286.9004,287.1523,287.19815,287.379,287.31546,287.36478,287.2175,287.0842,287.28177,287.2949,287.3897,287.50815,287.2734,287.1846,287.28397,287.3399,287.33316,287.32733,287.30438,287.33047,287.23245,287.27084
2022,287.2029,287.2693,287.4788,287.1838,287.40408,287.30612,287.3693,287.236,287.4403,287.19846,287.33588,287.38177,287.28568,287.0487,287.31906,287.1033,287.3406,287.40274,287.51035,287.324,287.23953,287.27924,287.37265,287.28436,287.4383,287.175,287.53128,287.0415,287.31577,287.32108,287.4014,287.38217,287.4278,287.28598,287.22366,287.31653,287.2745,287.22186,287.06985,287.30563,287.33713,287.32925,287.27286,287.34595,287.32788,287.18298,287.30093,287.42035,287.3695,287.55722,287.24014,287.2544,287.25455,287.36807,287.36868,287.1688,287.46884,287.3124,287.38574,287.3679
2023,287.36093,287.39734,287.4464,287.30954,287.41098,287.36343,287.48056,287.40073,287.34338,287.31302,287.33975,287.26965,287.37592,287.26083,287.30734,286.9639,287.43985,287.35446,287.40576,287.31146,287.43997,287.20895,287.20218,287.27768,287.4457,287.3618,287.55545,287.17355,287.35092,287.16342,287.39124,287.46048,287.3218,287.55133,287.2837,287.38544,287.0452,287.3356,287.26517,287.52274,287.37643,287.2241,287.31882,287.38083,287.45142,287.12637,287.2496,287.31015,287.3324,287.5992,287.41727,287.4121,287.31778,287.58423,287.2733,287.24515,287.354,287.3232,287.38803,287.44717
2024,287.41336,287.32486,287.45584,287.4531,287.3513,287.43765,287.2722,287.3475,287.28122,287.20648,287.4893,287.42346,287.3659,287.3406,287.4799,286.5097,287.40933,287.5033,287.29977,287.473,287.30347,287.31223,287.2059,287.3494,287.5994,287.50003,287.70593,287.23288,287.38937,287.38632,287.27133,287.52966,287.37778,287.6345,287.36322,287.42856,287.14023,287.37885,287.2781,287.61813,287.30035,287.36115,287.3089,287.30386,287.20486,287.1525,287.29276,287.3278,287.4789,287.45908,287.42862,287.56995,287.15558,287.57364,287.31046,287.2568,287.43167,287.22464,287.28903,287.45126
2025,287.37637,287.59427,287.54575,287.42035,287.48276,287.5082,287.21365,287.38416,287.26123,287.2411,287.57523,287.67688,287.35202,287.44025,287.6691,286.76328,287.58133,287.43057,287.43723,287.223,287.3716,287.46036,287.30142,287.39713,287.49216,287.28955,287.2748,287.22562,287.56277,287.4709,287.31705,287.41486,287.47275,287.4336,287.32285,287.4006,287.17862,287.37418,287.1873,287.5145,287.34396,287.317,287.36343,287.33618,287.31805,287.19635,287.40494,287.36975,287.45462,287.3837,287.327,287.4631,287.01926,287.29648,287.34418,287.43475,287.51776,287.34366,287.31223,287.48575
2026,287.46323,287.48044,287.63254,287.52884,287.44617,287.53232,287.41855,287.46103,287.3663,287.10873,287.53894,287.56796,287.42783,287.5774,287.50406,287.09705,287.473,287.4327,287.5676,286.9113,287.54288,287.3881,287.41385,287.32236,287.53244,287.369,287.06793,287.42752,287.5785,287.5342,287.25208,287.58414,287.32654,287.53387,287.4143,287.32184,287.34286,287.45502,287.36984,287.3893,287.41364,287.43314,287.46112,287.48672,287.39563,287.35507,287.50537,287.41855,287.38477,287.60568,287.36832,287.36844,287.19388,287.2763,287.36417,287.3812,287.5707,287.43802,287.31012,287.56638
2027,287.40182,287.33673,287.54816,287.42145,287.37363,287.45303,287.40042,287.33765,287.36905,287.44305,287.71432,287.60858,287.48465,287.44006,287.4335,287.07236,287.43454,287.53867,287.5184,287.12418,287.61142,287.49973,287.5874,287.36136,287.48978,287.40698,287.27158,287.36353,287.49084,287.48868,286.99698,287.57953,287.5151,287.5545,287.5104,287.45657,287.3388,287.50604,287.4682,287.37595,287.60605,287.3995,287.52664,287.3412,287.47992,287.27383,287.566,287.4956,287.43246,287.51923,287.5469,287.37897,287.29425,287.2032,287.5314,287.38367,287.46323,287.39542,287.55646,287.58252
2028,287.41324,287.35583,287.72305,287.44873,287.52133,287.43616,287.50778,287.41632,287.42062,287.561,287.7211,287.62747,287.56506,287.34042,287.5463,287.11472,287.4598,287.46756,287.40897,287.1222,287.5717,287.4033,287.5304,287.4142,287.5233,287.4323,287.49356,287.28964,287.38055,287.36038,287.2409,287.6079,287.66855,287.666,287.58865,287.49084,287.34555,287.5598,287.36053,287.42874,287.4871,287.35275,287.48117,287.5212,287.34842,287.46182,287.60342,287.41946,287.6709,287.5305,287.68063,287.4703,287.28372,287.2762,287.48477,287.45505,287.61383,287.41602,287.5907,287.38028
2029,287.3513,287.5721,287.66864,287.4486,287.46417,287.40756,287.50452,287.5039,287.4807,287.50485,287.57755,287.43604,287.55518,287.32147,287.57437,287.08112,287.4865,287.38947,287.4608,287.08636,287.63452,287.21985,287.32947,287.48856,287.53552,287.5409,287.52487,287.52823,287.3918,287.30954,287.23404,287.69885,287.37943,287.53,287.43472,287.34384,287.36688,287.50436,287.4066,287.33395,287.56476,287.46646,287.44736,287.6505,287.3909,287.41483,287.66943,287.5256,287.5144,287.39774,287.64313,287.4033,287.3669,287.43692,287.438,287.54294,287.6605,287.3765,287.6284,287.48874
2030,287.37772,287.66882,287.30786,287.53653,287.44595,287.48843,287.52353,287.4686,287.4964,287.60815,287.5165,287.38748,287.5481,287.48135,287.39282,287.39835,287.55655,287.45825,287.57346,287.1642,287.39072,286.67865,287.3832,287.66214,287.68295,287.29596,287.4412,287.57043,287.61902,287.25378,287.3336,287.62912,287.41202,287.36368,287.43604,287.38394,287.39432,287.59882,287.39783,287.5107,287.44168,287.64984,287.4637,287.62875,287.4354,287.40485,287.5727,287.44336,287.4836,287.41803,287.46362,287.57913,287.47055,287.38916,287.27298,287.5635,287.56592,287.44638,287.47385,287.51987
2031,287.32303,287.72144,286.7986,287.66602,287.4481,287.54202,287.4708,287.63235,287.72144,287.60596,287.76627,287.52463,287.5341,287.5897,287.5618,287.36154,287.4529,287.5434,287.41983,287.1758,287.46185,286.88004,287.46786,287.66013,287.73383,287.13593,287.4211,287.33755,287.67508,287.38574,287.36703,287.56778,287.58588,287.57797,287.51913,287.49384,287.56796,287.65024,287.53516,287.6107,287.46725,287.412,287.53818,287.51282,287.4667,287.43567,287.38876,287.43814,287.44272,287.4614,287.50763,287.5209,287.47055,287.40164,287.52017,287.68158,287.5942,287.4632,287.4537,287.34808
2032,287.42834,287.67917,287.08972,287.69766,287.57825,287.58026,287.6138,287.59756,287.7048,287.64066,287.5828,287.65842,287.5956,287.43527,287.5698,287.3572,287.53198,287.6216,287.65384,287.29187,287.40762,287.19077,287.58313,287.74496,287.49698,287.3231,287.46597,287.37607,287.45267,287.49985,287.45026,287.76645,287.56055,287.67087,287.34396,287.50354,287.43497,287.69266,287.42703,287.4777,287.4256,287.38135,287.53183,287.52798,287.6299,287.51596,287.36295,287.61136,287.38937,287.58102,287.48178,287.53918,287.3973,287.59982,287.5082,287.69467,286.72562,287.58804,287.63864,287.23212
2033,287.43115,287.47232,287.28973,287.6133,287.68997,287.56326,287.59525,287.70053,287.54398,287.81326,287.62167,287.77805,287.62085,287.60294,287.6652,287.44812,287.71436,287.6242,287.80627,287.44324,287.42758,287.243,287.56912,287.66223,287.5198,287.32056,287.5269,287.60394,287.58282,287.32504,287.58438,287.6835,287.60095,287.53232,287.46826,287.5268,287.571,287.51376,287.61285,287.6025,287.5008,287.4738,287.66995,287.54623,287.58115,287.47018,287.53412,287.65533,287.47263,287.71878,287.5994,287.54007,287.55212,287.7208,287.52423,287.6678,286.80994,287.45605,287.49554,287.35794
2034,287.6461,287.5363,287.29492,287.52908,287.68845,287.56958,287.60422,287.64648,287.72018,287.73962,287.55997,287.73917,287.65796,287.6558,287.5209,287.48886,287.712,287.63644,287.717,287.39722,287.57053,287.2993,287.6337,287.52383,287.65207,287.42947,287.54834,287.64658,287.63254,287.46567,287.63034,287.52664,287.6652,287.6197,287.60114,287.58218,287.69254,287.58884,287.6973,287.5559,287.5683,287.58218,287.66092,287.6229,287.52917,287.0964,287.59253,287.512,287.6227,287.52115,287.6536,287.63437,287.72256,287.67197,287.55396,287.70193,287.1668,287.4678,287.4379,287.30417
2035,287.62326,287.59375,287.3093,286.76987,287.60086,287.60202,287.6387,287.688,287.5731,287.56717,287.66403,287.67538,287.71814,287.747,287.55936,287.44492,287.72775,287.70605,287.82483,287.28488,287.60263,287.55283,287.5324,287.66483,287.7614,287.55698,287.3172,287.53027,287.73563,287.51517,287.75723,287.6333,287.74982,287.4987,287.6197,287.67093,287.76688,287.56882,287.90662,287.53934,287.66757,287.56223,287.4878,287.81012,287.79318,286.97986,287.6942,287.6158,287.81192,287.53992,287.89615,287.738,287.74976,287.83673,287.67294,287.71472,287.3181,287.58386,287.59662,287.46286
2036,287.4916,287.68735,287.37775,286.89514,287.6777,287.75012,287.6444,287.80606,287.7228,287.62,287.68604,287.85248,287.88748,287.7327,287.74304,287.6685,287.55988,287.77704,287.68872,287.3176,287.6464,287.57715,287.51056,287.71298,287.70172,287.77158,287.4138,287.5867,287.67017,287.53513,287.76974,287.62192,287.60754,287.5635,287.71292,287.61444,287.76614,287.71744,287.75143,287.62643,287.9063,287.6221,287.59164,287.83328,287.82205,287.16867,287.7163,287.60162,287.6915,287.53464,287.79263,287.53583,287.5672,287.7926,287.68063,287.7083,287.27737,287.62918,287.84848,287.60583
2037,287.53497,287.6019,287.072,287.20963,287.6047,287.67725,287.6069,287.7446,287.80905,287.71347,287.63028,287.87122,287.84753,287.72028,287.78928,287.91394,287.64053,287.82748,287.7957,287.34476,287.70377,287.71512,287.82202,287.67197,287.5785,287.6581,287.63553,287.60303,287.60596,287.5598,287.61298,287.4923,287.53128,287.7208,287.79755,287.79123,287.74548,287.66278,287.5886,287.5277,287.68497,287.70306,287.6661,287.68204,287.70114,287.43246,287.57468,287.64563,287.73795,287.6366,287.7754,287.65808,287.64963,287.64316,287.6299,287.62524,287.3073,287.59338,287.8479,287.68698
2038,287.5233,287.28116,286.9398,287.2469,287.67877,287.81754,287.70786,287.79184,287.83234,287.6162,287.4995,287.70514,287.55234,287.69736,287.80197,287.68973,287.72452,287.80685,287.77432,287.58395,287.62854,287.55338,287.754,287.64938,287.71304,287.6368,287.6477,287.7496,287.7336,287.55154,287.65497,287.61926,287.63522,287.7136,287.67838,287.8189,287.74728,287.5929,287.63095,287.77145,287.64322,287.5416,287.84366,287.69324,287.68668,287.52594,287.796,287.84598,287.86017,287.60132,287.7606,287.70297,287.86115,287.67834,287.65265,287.83664,287.43918,287.78363,287.80023,287.7252
2039,287.674,287.29013,287.3361,287.43326,287.72763,287.82443,287.84116,287.72943,287.65085,287.74014,287.49942,287.65427,287.60605,287.69666,287.7943,287.5195,287.7219,287.67282,287.82065,287.51236,287.74176,287.59927,287.61826,287.7641,287.69778,287.64816,287.75443,287.579,287.78867,287.63943,287.6866,287.70468,287.6645,287.71292,287.69247,287.68997,287.5856,287.62314,287.77368,287.85913,287.71494,287.66064,287.88766,287.65866,287.86877,287.66135,287.69852,287.83813,287.65527,287.70914,287.7086,287.55295,287.76346,287.71527,287.6519,287.83676,287.30972,287.8274,287.7887,287.68054
2040,287.79373,287.50497,287.38828,287.48392,287.70035,287.78897,287.7131,287.70074,287.6743,287.79233,287.61713,287.80634,287.709,287.6437,287.84662,287.58405,287.6987,287.7359,287.7185,287.59146,287.70938,287.63297,287.69705,287.64255,287.77463,287.68417,287.6107,287.70004,287.7844,287.73343,287.71432,287.87677,287.70425,287.85638,287.6789,287.62515,287.57132,287.7109,287.86615,287.67453,287.61746,287.76474,287.79846,287.65457,287.75504,287.5247,287.71182,287.96124,287.64114,287.76147,287.60507,287.62027,287.68292,287.64407,287.56903,287.9849,287.4307,287.71185,287.7039,287.6476
2041,287.73386,287.7399,287.56616,287.53543,287.6826,287.89258,287.71225,287.79712,287.81952,287.7323,287.62933,287.81558,287.6299,287.6998,287.81863,287.62875,287.67123,287.76212,287.7349,287.62753,287.81763,287.66348,287.8746,287.743,287.70743,287.64154,287.67105,287.87677,287.7086,287.75644,287.9494,287.8862,287.76724,287.97556,287.73413,287.68423,287.68185,287.66397,287.76404,287.61044,287.634,287.76907,287.68924,287.6881,287.7133,287.63028,287.6703,287.8569,287.67996,287.85175,287.65488,287.72012,287.8291,287.72067,287.7644,287.71228,287.43335,287.8431,287.78323,287.74295
2042,287.63766,287.5998,287.5099,287.54752,286.93802,287.81894,287.78574,287.87012,287.8249,287.7186,287.7125,287.86954,287.7956,287.801,287.81393,287.71622,287.72354,287.82816,287.81018,287.7637,287.97266,287.87338,287.67892,287.8695,287.78506,287.66125,287.7108,287.773,287.71494,287.69186,287.88638,287.75565,287.78607,288.01456,287.81415,287.7142,287.88205,287.71747,287.70792,287.70596,287.73325,287.65503,287.8285,287.7914,287.87753,287.6621,287.64224,287.86722,287.64447,287.78714,287.80365,287.70767,287.89893,287.69705,287.86075,287.47815,287.39404,287.81723,287.76083,287.8226
2043,287.6853,287.73233,287.59305,287.57394,286.7338,287.78824,287.8169,287.79312,287.78073,287.8457,287.79446,287.81116,287.7844,287.91077,287.8322,287.72873,287.7903,287.83112,287.92465,287.72726,287.82407,287.8613,287.78775,287.81598,287.6415,287.73795,287.80164,287.81216,287.6337,287.90115,287.6874,287.8049,287.68405,288.0826,287.8026,287.76794,287.84268,287.855,287.95438,287.72018,287.80676,287.65897,287.82938,287.86398,287.9299,287.7651,287.73508,287.91077,287.7524,287.70728,287.66202,287.81973,287.81143,287.82693,287.94748,287.62015,287.5995,287.82858,287.76718,287.8165
2044,287.76053,287.64017,287.7242,287.66275,287.07578,287.69495,287.76944,287.88104,287.84198,287.80374,287.83286,287.80222,287.8332,287.81747,287.88983,287.85,287.95547,287.80826,288.01712,287.8062,287.93546,287.78067,287.79544,287.90726,287.91483,287.82162,287.87195,287.3125,287.39108,287.76712,287.7637,287.8158,287.73697,287.92874,287.95737,287.83817,287.7818,287.87976,287.12442,287.78345,287.86246,287.66748,287.6959,287.92093,287.92172,287.71573,287.76556,287.82755,287.88245,287.7123,287.64645,287.8835,287.92593,287.8976,287.83948,287.743,287.54825,287.86105,287.82053,287.7825
2045,287.8336,287.7009,287.62085,287.68094,287.26443,287.98135,287.9094,287.9012,287.82242,287.43784,287.80533,287.98026,287.8346,287.84296,287.88434,287.81638,287.91663,287.8256,287.71964,287.8988,287.91092,287.85532,287.86203,287.9413,287.96445,287.8214,287.76123,287.0886,287.42975,287.67334,287.75748,287.86917,287.95578,287.78693,287.82486,288.02417,288.03043,287.86618,286.47464,287.82452,287.93164,287.75247,287.79007,287.97278,288.00146,287.78696,287.86075,288.05533,287.88272,287.7234,287.67636,287.93246,287.8795,287.88193,287.8637,287.65402,287.4916,287.97824,287.83652,287.68594
2046,287.93353,287.79752,287.62064,287.7108,287.3378,288.11984,288.05087,287.95505,287.79254,287.12393,287.6857,287.96783,287.91025,287.97668,287.9763,287.8265,287.86044,287.941,287.81702,287.87064,288.0101,287.93442,287.87485,287.90323,287.89493,287.94205,287.61423,287.24167,287.63266,287.68362,287.84946,287.78787,288.11447,287.646,287.92557,287.81564,288.0872,287.7897,286.82208,287.8247,287.91742,287.91476,287.91263,287.87756,287.96368,287.81332,287.827,287.8882,287.91342,287.8574,287.53854,287.99918,287.82745,287.84683,287.93784,287.50717,287.5276,287.9081,287.91138,287.92615
2047,287.92648,287.77997,287.82358,287.59866,287.51678,287.87045,288.0013,287.92987,287.9471,287.32108,287.7355,287.87466,288.03003,288.0577,288.00455,287.8498,287.8686,288.0018,287.858,287.8116,287.92093,287.63736,287.9617,287.80386,287.88516,287.9512,287.68726,287.34372,287.68924,287.819,287.8898,287.7355,287.9284,287.77536,287.91333,287.96857,288.00235,287.9305,287.19315,287.85397,288.07443,287.91348,288.15213,287.96292,287.88898,287.99295,287.9061,287.9067,288.06674,287.891,287.7961,288.06024,287.95053,287.86392,288.08865,287.6094,287.6288,288.02792,288.0648,287.88394
2048,287.81076,288.06998,287.92453,287.75546,287.7277,288.10464,288.0271,287.73294,287.83063,287.3044,287.82596,287.92545,287.9009,287.85837,287.98666,287.93378,287.78055,287.87698,287.9743,287.89694,287.84268,287.58728,287.98715,288.02582,287.83228,287.8548,287.8033,287.50937,287.83157,287.96536,287.89896,287.80814,287.8742,287.8225,287.8699,288.14688,287.83554,287.98566,287.44937,287.76697,287.88943,287.98456,287.99344,287.88354,287.89633,288.0652,287.90326,287.89188,288.0414,287.8716,287.7905,288.0827,288.06052,287.8621,287.97754,287.5451,287.69757,288.00797,288.01404,287.74478
2049,287.92496,288.0956,287.9043,287.95694,287.73825,288.17673,287.8523,287.9377,287.8771,287.50128,287.87634,287.95663,287.85086,287.89413,288.03952,287.80698,287.6576,287.94412,287.99973,287.9548,288.0651,287.7312,288.03183,288.0752,287.87646,287.79333,287.7544,287.74167,287.95752,287.844,287.86023,287.8113,287.87885,287.98312,287.96127,287.88315,287.94046,288.0577,287.4247,287.8665,287.8702,288.04178,287.88425,287.9534,288.083,287.9808,287.20978,288.0754,288.02103,287.83694,287.93213,288.05704,288.1055,287.8012,288.00412,287.5798,287.7452,287.895,287.99664,287.9359
2050,287.99997,287.94846,287.7191,287.83023,287.87112,288.00412,287.87576,288.03046,287.84146,287.6365,287.95947,287.83694,287.87186,287.95193,288.00403,287.97647,287.72562,288.10748,288.0316,288.04437,288.09995,287.85004,287.8822,287.94308,287.93982,287.8763,287.96268,287.82748,288.05444,287.8635,287.97482,287.8437,287.93765,287.87497,287.99057,287.85776,287.96823,288.0599,287.48148,288.095,287.9358,288.16238,287.9435,288.03705,287.9026,288.04056,287.07816,287.93872,287.95218,288.08408,287.94678,288.0961,288.12198,287.93924,287.88034,287.5568,287.9067,287.9553,287.99112,287.9789
2051,288.02353,288.06314,287.9503,287.75793,287.93088,287.9921,287.99576,287.82883,287.94485,287.70987,287.9295,287.95273,287.86575,287.8654,287.87518,288.0659,287.82547,287.94693,288.16544,287.99945,287.97638,287.94373,287.91635,288.01273,287.98904,287.8757,287.88754,287.7245,287.95993,288.08383,287.80533,287.93668,288.11304,287.93588,287.93127,287.96878,288.16998,287.88962,287.5323,288.07574,287.9979,288.12332,287.96918,287.93378,287.99384,287.99515,287.27988,287.94803,287.9094,287.8931,287.81363,288.0351,288.11234,288.0189,287.97287,287.6458,287.99255,287.87646,288.00595,287.95175
2052,288.035,288.1334,288.1748,287.76718,287.8014,287.97412,288.0686,287.9645,287.93872,287.78064,288.03323,287.98282,288.04697,287.94522,287.9715,287.95447,288.00186,287.86472,288.10794,287.7321,287.86044,287.2969,288.00244,288.14316,287.89996,287.9073,286.88623,287.96567,287.9087,288.10938,287.8374,287.82895,288.09796,287.957,287.90866,287.9506,288.09708,287.96774,287.54575,287.90964,287.87457,288.1666,288.03162,288.03574,287.92633,288.00095,287.53702,288.01505,287.98447,287.8135,287.83456,288.17062,288.07382,287.8829,288.03607,287.7925,287.9445,287.8752,287.99915,288.06573
2053,287.98517,288.03268,288.1841,288.02002,287.8878,288.01736,288.0739,287.9813,287.86896,287.9542,288.02286,287.99332,288.04413,287.90814,288.1182,288.0466,287.9362,288.0908,287.9686,287.83054,287.90274,287.13538,287.8837,287.97443,287.81567,287.80142,286.98193,288.00906,287.99304,287.8799,287.9045,287.9758,287.911,287.84177,287.88217,287.90604,288.03012,287.97464,287.57767,287.99936,287.98242,288.21667,287.6602,288.17398,287.87222,287.9406,287.60754,288.2597,287.90945,287.79993,287.90857,288.08932,288.02847,287.7893,287.99673,287.8267,287.8472,288.04907,288.04794,288.01923
2054,288.02362,288.0276,288.071,287.92798,287.9501,288.0186,287.617,287.8311,287.94186,288.02097,287.99368,288.00012,287.91165,287.99573,288.1337,287.95593,288.00113,288.0686,287.93527,288.0893,287.98605,287.2275,288.08395,288.0538,287.80054,288.00137,287.31454,288.0349,288.0438,287.87952,287.90067,288.0767,287.14215,287.89233,287.99423,287.87106,287.96335,287.98218,287.5028,288.007,288.076,288.22345,286.9329,288.0053,287.9723,287.98242,287.69507,288.03833,288.03687,287.7785,288.08,288.00873,287.99094,287.88254,288.12424,287.8896,288.02884,288.10605,287.9915,287.92282
2055,288.0597,288.29254,288.0668,287.89767,287.779,288.02466,287.83102,287.8544,287.95236,288.00314,288.20166,287.9017,288.01855,288.12555,288.07767,288.0999,288.2057,288.18375,288.0533,288.04227,288.04126,287.32397,288.15543,288.2361,287.91055,288.09457,287.43326,287.95853,287.96136,287.99313,287.92142,288.08438,287.3348,287.94016,287.9767,288.041,288.1154,287.98935,287.57907,288.07617,288.1122,288.13193,287.3195,288.02557,288.09097,288.08713,287.81033,288.04874,288.28506,287.98975,288.10437,288.0364,288.16138,287.8523,288.04953,287.81998,288.11908,288.10635,287.98727,287.83762
2056,288.1415,288.14148,288.08777,287.8776,287.3337,288.08365,287.87546,288.09348,287.85532,287.93463,288.1716,287.98294,288.0811,288.20297,288.1965,288.28412,288.0546,288.0399,288.05978,287.92648,288.0143,287.56613,288.21515,288.0414,287.9326,288.1564,287.55664,287.89725,287.95883,287.953,288.0763,288.11185,287.44974,288.06192,288.0,288.10507,287.92776,288.08575,287.7117,288.0895,288.08444,288.00412,287.681,288.1027,288.10312,288.0449,287.71365,288.13837,288.16693,287.89676,287.96143,287.98904,288.27606,288.02356,288.06583,287.82358,288.03345,288.18857,287.9977,287.90436
2057,288.17715,288.16696,288.06668,287.91153,287.3749,287.95596,287.9017,288.24997,287.78937,288.00912,288.22708,288.08038,288.07822,288.1697,288.0126,288.20514,287.78366,288.07483,288.01724,288.01477,287.93362,287.62134,288.04614,288.06332,288.01654,288.07407,287.7477,288.07986,287.95544,287.90317,288.02637,288.21475,287.77197,288.0719,288.0279,287.9144,288.0685,287.98083,287.8239,288.17465,288.12503,287.9333,287.75333,288.14282,288.01797,287.85788,287.86542,288.11597,288.0377,287.79367,288.1064,288.19107,288.1564,288.05048,287.9551,288.0961,288.07596,288.1521,288.1322,287.82126
2058,288.1475,288.0902,288.09247,287.9271,287.52206,288.02237,287.8598,288.3613,287.93582,288.03787,288.13477,288.1192,288.2812,288.02823,288.20547,288.03738,287.95123,288.17566,288.15457,288.17245,288.1238,287.76483,288.1682,288.05283,288.18857,288.05756,287.92392,288.06973,287.89365,287.98425,288.04465,288.1523,287.86768,288.0626,288.0958,288.1705,288.02008,287.91806,287.91257,288.066,288.178,288.09933,287.91202,288.12198,288.16727,288.0736,288.06772,288.0653,288.09106,287.6433,288.0438,288.23203,288.0476,288.18204,288.14316,288.16928,287.98523,288.09393,288.05365,287.99658
2059,288.13406,288.11218,288.09933,287.98907,287.69595,288.19348,288.02847,288.3662,287.90158,288.13483,287.9252,288.20535,288.3618,287.95392,288.32742,288.05496,288.14297,288.15842,288.21976,288.10068,288.3088,288.0698,288.27203,288.1182,288.3168,287.9879,288.02982,288.08374,288.04453,288.1409,288.00357,288.01364,287.62558,288.09735,288.02515,288.24142,288.0735,288.0687,287.8419,288.159,288.04404,288.21768,287.74078,288.235,288.16022,288.0812,287.95193,288.11276,288.0392,287.85477,288.05597,288.04922,288.0678,288.18155,288.1261,288.1693,287.72546,288.25406,288.01227,288.1555
2060,288.24023,288.14047,288.06186,288.11972,287.7838,288.28604,288.05606,288.13492,288.0743,287.9919,287.88272,288.27707,288.28717,288.11545,288.191,288.22546,288.20062,288.02417,288.21964,288.25623,288.04233,288.06668,288.26663,288.24323,288.28104,288.0651,288.1002,288.02774,288.1839,288.08627,288.04654,288.2253,287.77365,288.2783,288.13528,288.14224,288.00095,288.2813,287.97507,288.18243,288.11923,288.2763,287.98557,287.9832,288.08017,288.0856,288.0763,288.12988,288.18784,287.7998,288.07492,288.08353,288.2653,288.1431,288.2238,288.22864,287.434,288.36246,288.11264,288.21445
2061,288.34848,288.18414,288.23135,288.26862,287.84482,288.1493,288.04398,287.94284,288.04532,288.10495,288.0205,288.21378,288.32053,288.24292,288.07822,288.1086,288.27585,288.06296,288.2849,287.96167,288.12857,288.1294,288.14822,288.23422,288.18958,288.2883,288.0103,288.07443,288.20718,287.19333,288.18747,288.0847,287.8967,288.45718,288.33273,288.1094,288.1362,288.17166,288.03488,287.9833,288.12778,288.2064,288.05032,287.91382,288.2266,288.00815,288.00272,288.31216,288.14355,287.9201,287.95535,288.09756,288.2648,288.27795,288.08228,288.14166,287.53818,288.14975,288.22092,288.2677
2062,288.13644,288.28745,288.13846,288.02768,287.803,288.1865,288.01016,288.02756,288.00555,288.16165,288.11594,288.10898,288.36386,288.18216,288.1516,288.18396,288.13522,288.08698,288.28845,287.8929,288.15472,288.05893,288.27115,288.19955,288.10608,288.4887,288.02335,288.15253,288.09445,286.879,288.27527,288.10886,288.04764,288.3059,288.3076,288.15436,288.14368,287.97263,288.02573,287.85483,288.22546,288.20334,287.94315,288.03445,288.3054,288.1567,287.9349,288.22342,288.05627,288.06107,288.04257,288.02448,288.12256,288.2195,288.23703,288.10217,287.46973,288.1843,288.47772,288.14053
2063,288.10434,288.12778,288.20828,288.10184,287.99872,288.18436,288.10086,288.15152,288.01154,288.1171,288.16873,288.1997,288.2872,288.12747,288.10062,288.2181,288.1017,288.3264,288.28906,287.9979,288.1729,287.73135,288.28217,288.1346,288.13797,288.25558,288.05896,287.99286,288.12198,287.26968,288.19907,288.12964,288.10074,288.18478,288.1953,288.25,288.0674,288.17245,288.01553,287.86667,288.44333,288.16888,287.9409,288.05713,288.09317,288.23593,287.89642,288.24796,288.09863,288.10632,288.08548,287.9703,288.10193,288.2436,288.17313,288.2241,287.70517,288.1887,288.30453,288.12985
2064,288.0712,287.95676,288.2632,288.3411,288.14838,288.18546,288.10263,288.11728,288.11417,288.1744,288.14542,288.26126,288.1685,288.16147,287.9597,288.3162,288.23077,288.3032,288.2117,288.10977,288.1513,287.81168,288.29327,288.17386,288.1599,288.1201,288.066,287.9687,288.20364,287.53894,288.25528,288.27634,288.2314,288.14117,288.06665,288.21475,288.21622,288.37375,288.13495,288.09006,288.2544,288.31186,287.9809,288.16843,288.09918,288.29703,287.98917,288.13403,288.10233,288.00656,288.20062,288.18317,288.2443,288.31174,288.2383,288.35773,287.83328,288.2305,288.17416,288.2961
2065,288.21225,288.1152,288.16858,288.25272,288.17484,288.3462,288.1212,288.07773,288.1555,288.19284,288.1206,288.27255,288.3081,288.24258,288.11307,288.32376,288.1228,288.2573,288.32492,288.04422,288.21487,287.9191,288.40527,288.10684,288.44202,288.126,287.97568,287.94736,288.1178,287.66983,288.26053,288.20395,288.27914,288.19745,288.0597,288.11093,288.17465,288.51425,288.17297,288.0937,288.07385,288.37866,288.09494,288.40457,288.20157,288.32797,288.04398,288.26688,288.14902,288.14307,288.15952,288.37708,288.2402,288.3551,288.24728,288.1964,288.02164,288.24765,288.1826,288.21417
2066,288.27188,288.34085,288.2435,288.25613,288.2007,288.11746,288.0896,288.0914,288.27695,288.34433,288.2056,288.309,288.3222,288.32678,288.1477,288.24417,288.15604,288.36273,288.1743,288.05106,288.24838,287.99417,288.18643,288.2208,288.43674,288.23856,288.21155,288.01566,288.08646,287.77612,288.24783,288.15326,288.12912,288.05576,288.12216,288.28775,288.13187,288.45547,288.181,288.18842,288.01456,288.36526,288.2164,288.36536,288.27957,288.20303,288.20175,288.22708,288.28763,288.2601,288.14362,288.1749,288.27307,288.19406,288.17297,288.11435,288.11203,288.21066,288.23737,288.18048
2067,288.18945,288.27246,288.22928,287.9861,288.12485,288.29498,288.19202,288.07498,288.167,288.45248,288.23874,288.32758,288.39194,288.36673,288.07486,288.23157,288.1813,288.34897,288.31195,288.12076,288.27304,288.16876,288.26407,288.14117,288.2816,288.36798,288.13547,287.94757,288.24298,287.94797,288.20407,288.29752,288.06693,288.18204,288.1733,288.25168,288.25876,288.2089,288.24393,288.01886,288.24295,288.24808,288.30054,288.33182,288.2531,288.29465,288.2596,288.27716,288.25247,288.2648,288.20236,288.2253,288.28442,288.2974,288.21097,288.1352,288.16544,288.10416,288.43277,288.26868
2068,288.2179,288.2679,288.2863,288.01846,288.21878,288.45395,288.2383,288.2533,288.1524,288.29654,288.1993,288.38776,288.42798,288.21545,288.19193,288.233,288.24185,288.30322,288.36026,288.2418,288.15952,288.1478,288.12894,288.13095,288.26315,288.35922,288.2061,287.90234,288.3587,287.95383,288.26688,288.36792,288.24066,288.2208,288.3346,288.15405,288.32947,288.29456,288.2629,288.11826,288.51425,288.21872,288.16873,288.20676,288.33392,288.26486,288.16998,288.27588,288.2141,288.22214,288.3052,288.17648,288.22595,288.25256,288.35175,288.26035,288.1037,288.32956,288.24704,288.243
2069,288.36462,288.35233,288.3644,288.12463,288.17783,288.52048,288.39993,288.2768,288.43564,288.36313,288.16876,288.34763,288.314,288.228,288.31897,288.26678,288.33768,288.34976,288.4144,288.21542,288.1835,288.20776,288.27933,288.25565,288.4196,288.34784,288.22214,288.1971,288.42618,287.965,288.33542,288.43585,288.40063,288.25702,288.40555,288.21918,288.41272,288.3505,288.1907,288.3213,288.35812,288.40018,288.2949,288.17722,288.2053,288.18356,288.2383,288.35684,288.20764,288.2179,288.22238,288.22223,288.17572,288.30005,288.33276,288.3013,288.23892,288.42062,288.29517,288.1361
2070,288.36118,288.25497,288.38376,288.14246,288.13828,288.2769,288.24948,288.32657,288.47952,288.3755,288.391,288.2203,288.32504,288.30545,288.42026,288.20493,288.3205,288.35623,288.42792,288.1652,288.3611,288.11133,288.30142,288.2851,288.46445,288.4409,288.25226,288.05392,288.37747,288.03244,288.35056,288.2987,288.28323,288.24988,288.34387,288.23422,288.37872,288.56332,288.27197,288.2981,288.03928,288.34814,288.45178,288.35367,288.35318,288.2965,288.16135,288.39664,288.13416,288.01172,288.32266,288.1971,288.17157,288.3048,288.05524,288.31363,288.18442,288.13644,288.3467,288.16144
2071,288.44144,288.26456,288.44254,288.27493,288.29346,288.19635,288.27734,288.3137,288.40945,288.37357,288.22403,288.28668,288.28964,288.17105,288.3749,288.33658,288.34424,288.38293,288.395,288.21198,288.4779,288.19943,288.39487,288.14554,288.45068,288.2364,288.31345,287.79443,288.28918,288.1213,288.33206,288.35922,288.119,288.36847,288.2144,288.17154,288.3256,288.53836,288.373,288.14053,288.17953,288.33652,288.32523,288.40762,288.48053,288.24326,288.2016,288.41275,288.3083,288.11917,288.24057,288.2055,288.2116,288.27542,287.51627,288.3591,288.17783,288.22232,287.97513,288.1963
2072,288.33902,288.35568,288.49728,288.3352,288.3278,288.27145,288.29807,288.3549,288.39392,288.42404,288.21826,288.34003,288.2734,288.24493,288.39005,288.1874,288.144,288.39978,288.28918,288.1743,288.31577,288.20444,288.46506,288.10953,288.34555,288.3104,288.35135,287.81335,288.43027,288.14566,288.3276,288.36356,288.23346,288.3785,288.36533,288.3171,288.15454,288.49762,288.30145,288.31082,288.19827,288.32373,288.225,288.3569,288.4554,288.33768,288.2808,288.4607,288.34097,288.10886,288.2391,288.30075,288.2778,287.8031,287.55533,288.1636,287.5884,288.3799,288.02676,288.30222
2073,288.42575,288.37683,288.4954,288.44907,288.20474,288.3359,288.3868,288.35278,288.23358,288.3759,288.1958,288.28558,288.26108,288.40872,288.4599,288.23996,288.20447,288.50778,288.35428,288.34094,288.15958,288.1786,288.36014,288.21344,288.381,288.40433,288.21616,288.1225,288.31528,288.16223,288.46512,288.41858,288.32504,288.24826,288.47537,288.24185,288.27612,288.15353,287.74338,288.43484,288.446,288.35757,288.22745,288.40195,288.44135,288.36603,288.39096,288.38858,288.2585,288.25253,288.18723,288.31528,288.23468,287.71732,287.5611,288.20462,287.7131,288.42767,288.05283,288.38107
2074,288.32394,288.46475,288.29953,288.33078,288.28333,288.402,288.4011,288.34375,288.2385,288.438,288.2924,288.4252,288.35886,288.288,288.36554,288.2238,288.30035,288.39664,288.38324,288.29642,288.3072,288.1731,288.45316,288.3456,288.34036,288.18057,288.23093,288.13306,288.2598,288.14218,288.36142,288.35577,287.81393,288.25876,288.3555,288.2808,288.40903,288.201,287.7215,288.47183,288.371,288.415,288.3699,288.3533,288.3688,288.42038,288.37778,288.3803,288.24106,288.28177,288.31778,288.43716,288.27582,287.7939,287.8835,288.28433,287.87027,288.32172,288.10995,288.39056
2075,288.38086,288.33185,288.32614,288.37082,288.29883,288.45163,288.40692,288.2808,288.27493,288.3375,288.34286,288.444,288.4297,287.91797,288.31415,288.17215,288.46133,288.18024,288.41046,288.291,288.30045,288.32556,288.32678,288.37634,288.34702,288.05865,288.17508,288.30588,288.235,288.1713,288.37625,288.18887,287.56406,288.27103,288.25763,288.32016,288.4929,288.3821,287.91464,288.36334,288.27148,288.49356,288.3649,288.27316,288.32333,288.3197,288.21964,288.4209,288.41647,288.38013,288.38757,288.57288,288.30826,287.85727,288.13617,288.44742,288.0542,288.2358,288.08688,288.3977
2076,288.31882,288.24405,288.16873,288.41418,288.25497,288.5883,288.4816,288.5541,288.14355,288.30655,288.43832,288.3016,288.38385,287.98254,288.43723,288.2454,288.59305,288.3231,288.38943,288.28357,288.20804,288.4748,288.5144,288.39163,288.3524,288.15903,288.24496,288.21927,288.3506,288.21133,288.3479,288.26404,287.6064,288.3749,288.2484,288.37277,288.57233,288.32828,287.97665,288.36606,288.20065,288.564,288.26285,288.28812,288.2641,288.2046,288.3074,288.5235,288.5286,288.403,288.42892,288.33713,288.18707,287.96347,288.09244,288.12177,288.12766,288.321,288.09677,288.35867
2077,288.38443,288.49832,288.3171,288.43167,288.25015,288.6528,288.34903,288.45706,287.99832,288.48206,288.42758,288.3829,288.4459,288.0056,288.5989,288.4587,288.5679,288.43887,288.39807,288.26614,288.3591,288.46817,288.34433,288.4144,288.32098,288.25793,288.40677,288.23526,288.40488,288.13593,288.28464,288.30157,287.92258,288.2208,288.42392,288.53488,288.45865,288.40918,287.68552,288.4399,288.32678,288.51175,288.31622,288.342,288.2325,288.3645,288.45215,288.47888,288.47903,288.36694,288.41547,288.3159,288.3193,288.29678,288.21777,288.17654,288.1047,288.3883,288.20535,288.38113
2078,288.3394,288.4008,288.515,288.4069,288.35324,288.46194,288.29056,288.44745,288.05185,288.53857,288.32138,288.43475,288.50168,288.06406,288.3944,288.401,288.44046,288.4177,288.20862,288.34985,288.3371,288.28256,288.3503,288.26016,288.48828,288.31522,288.47598,288.2612,288.39493,288.31067,288.291,288.35754,287.91125,288.4195,288.43112,288.6196,288.4102,288.36288,287.50626,288.45206,288.5023,288.4739,288.46353,288.41223,288.35873,288.3017,288.4408,288.5662,288.34573,288.3907,288.47067,288.36804,288.4503,288.34888,288.0835,288.13968,288.17197,288.3868,288.1776,288.31747
2079,288.32114,288.53708,288.52155,288.41693,288.50235,288.4484,288.29712,288.54205,288.14188,288.4721,288.40598,288.39542,288.61795,288.15604,288.30988,288.55392,288.4884,288.3762,288.28735,288.4817,288.31998,288.11258,288.3489,288.29813,288.57928,288.3401,288.33682,288.12927,288.34644,288.3669,288.42603,288.27762,288.03604,288.42566,288.63498,288.6059,288.36966,288.49176,287.51184,288.4379,288.46222,288.33914,288.4637,288.38962,288.42847,288.3397,288.43607,288.61523,288.3483,288.40396,288.50345,288.49298,288.36942,288.38455,288.14267,288.26352,288.30783,288.2737,288.3359,288.46423
2080,288.27682,288.50815,288.46207,288.5674,288.57455,288.33807,288.3358,288.64545,288.27066,288.5199,288.4971,288.2877,288.65033,288.2047,288.44583,288.41467,288.41992,288.55148,288.45633,288.3826,288.30624,288.1246,288.19162,288.3561,288.5073,288.23563,288.04953,288.26425,288.25827,288.23965,288.4302,288.36694,288.2421,288.38287,288.64713,288.43716,288.41293,288.4786,287.77002,288.60767,288.41623,288.53793,288.462,288.36758,288.59506,288.32593,288.53015,288.46713,288.4531,288.48538,288.52158,288.3987,288.28,288.14957,288.1682,288.37143,288.3561,288.4081,288.35217,288.49106
2081,287.99435,288.22006,288.51724,288.52805,288.574,288.25122,288.33643,288.54733,288.2869,288.4868,288.33316,288.28775,288.42618,288.2847,288.5843,288.36417,288.4944,288.5103,288.37216,288.37558,288.2209,288.24524,288.35764,288.45596,288.4202,288.3723,288.11914,288.3487,288.33136,288.3237,288.46896,288.4125,288.3428,288.46182,288.50574,288.54654,288.4975,288.43323,287.91122,288.61646,288.42746,288.4583,288.37222,288.35165,288.64542,288.3987,288.47455,288.46048,288.47998,288.46005,288.4152,288.21243,288.29062,288.21893,288.09,288.3201,288.35825,288.3436,288.35828,288.3669
2082,288.03278,287.97928,288.45108,288.5452,288.39362,288.4,288.4187,288.39908,288.3658,288.45602,288.36142,288.43427,288.41534,288.3331,288.49088,288.43106,288.48294,288.55038,288.37985,288.39142,288.2301,288.33273,288.47995,288.48004,288.50018,288.50284,288.32327,288.1177,288.29645,288.4366,288.43097,288.34613,288.31964,288.48233,288.34286,288.45502,288.41983,288.42728,288.0479,288.40118,288.40842,288.32816,288.39545,288.31757,288.44565,288.39316,288.42764,288.49374,288.40863,288.41977,288.2783,288.39493,288.3533,288.23276,288.13235,288.24948,288.2399,288.39432,288.33707,288.21054
2083,288.1262,288.09378,288.47028,288.29953,288.36575,288.48502,288.35413,288.34253,288.44394,288.4748,288.45163,288.44055,288.439,288.31445,288.45535,288.3966,288.50183,288.6124,288.29727,288.3326,288.3439,288.4618,288.51108,288.6107,288.58997,288.46463,288.17447,288.17773,288.32004,288.16742,288.31436,288.4426,288.12704,288.21475,288.27106,288.34958,288.5233,288.36584,287.85666,288.49722,288.32883,288.43582,288.43042,288.46017,288.50638,288.33734,288.43054,288.4585,288.53772,288.30283,288.2253,288.34668,288.47592,288.156,288.20184,288.28384,288.1663,288.47043,288.24954,288.2505
2084,288.06894,288.0593,288.35092,288.38522,288.39154,288.28268,288.36688,288.41406,288.3384,288.48105,288.09094,288.49612,288.46692,288.2808,288.40213,288.41574,288.49106,288.3741,288.39844,288.2112,288.38425,288.3686,288.3323,288.60718,288.56973,288.43918,288.1978,288.3889,288.45505,288.30307,288.21103,288.49966,288.01373,288.32434,288.15994,288.47516,288.5944,288.54752,287.87155,288.08005,288.31216,288.42618,288.39502,288.56598,288.68088,288.25372,288.41916,288.52478,288.5105,288.3776,288.2489,288.36423,288.51224,288.29358,288.25375,288.35275,288.2439,288.39978,288.2971,288.35684
2085,288.18344,288.07877,288.41357,288.50943,288.47784,288.35678,288.43283,288.37717,288.36584,288.405,288.11282,288.4872,288.4343,288.30637,288.57883,288.32944,288.60135,288.30518,288.4493,288.17862,288.4679,288.3701,288.2371,288.5682,288.4543,288.39896,288.4141,288.23337,288.39822,288.37546,288.36072,288.59232,288.11118,288.33624,288.20795,288.56857,288.5475,288.61722,288.0015,287.88828,288.3651,288.40778,288.485,288.47635,288.517,288.4641,288.45114,288.52713,288.44833,288.41928,288.15573,288.35355,288.65225,288.2856,288.27924,288.54886,288.5342,288.3857,288.39682,288.45117
2086,288.23853,288.27957,288.41342,288.67932,288.32956,288.2977,288.26892,288.3507,288.3435,288.25308,288.18872,288.34116,288.25742,288.33023,288.43472,288.40604,288.4071,288.3827,288.33005,288.31644,288.61475,288.4686,288.33643,288.50104,288.4897,288.52682,288.6388,288.27997,288.4611,288.4686,288.49246,288.5278,288.37436,288.5192,288.3448,288.541,288.44153,288.65402,288.08505,288.02625,288.4468,288.2495,288.33572,288.48465,288.39896,288.53287,288.49844,288.68893,288.40634,288.26773,288.2809,288.27475,288.4881,288.3347,288.1786,288.53174,288.4713,288.4621,288.3774,288.34094
2087,288.22144,288.32913,288.4323,288.58517,288.36588,288.33383,288.3489,288.37982,288.40442,288.38528,288.27036,288.301,288.3303,288.3632,288.42636,288.53726,288.51474,288.40933,288.3237,288.39627,288.63077,288.34232,288.43658,288.40454,288.6201,288.2675,288.5547,288.40732,288.61313,288.45798,288.69583,288.03604,288.2644,288.6776,288.50214,288.38657,288.4587,288.50015,288.1448,288.03427,288.48285,288.4505,288.43082,288.46173,288.59122,288.60794,288.54163,288.57715,288.5332,288.23618,288.34842,288.37085,288.53018,288.23267,288.2615,288.42075,288.48843,288.5414,288.55466,288.44604
2088,287.9255,288.3618,288.4874,288.5651,288.45816,288.36398,288.41406,288.4063,288.4246,288.4899,288.3937,288.47906,288.3116,288.40433,288.44357,288.4436,288.46564,288.63464,288.442,288.39975,288.51187,288.54776,288.50217,288.47537,288.46396,288.3493,288.551,288.58047,288.46384,288.41446,288.5878,288.1061,288.43613,288.55154,288.42136,288.342,288.61792,288.5339,288.3865,288.16,288.43875,288.44122,288.4073,288.40198,288.62338,288.7254,288.49387,288.46896,288.38892,288.33554,288.44528,288.57376,288.6412,288.30222,288.32053,288.34756,288.52472,288.52066,288.46176,288.28275
2089,288.07248,288.38535,288.39883,288.56912,288.4598,288.4717,288.5352,288.4854,288.31964,288.5219,288.43652,288.4089,288.5166,288.5771,288.53534,288.49268,288.52307,288.50943,288.52518,288.37598,288.58,288.57916,288.3474,288.53833,288.53027,288.60333,288.47632,288.37683,288.41037,288.5049,288.42368,288.31696,288.53137,288.40225,288.33044,288.4096,288.4578,288.41116,288.4556,288.25473,288.41788,288.37366,288.40744,288.55402,288.63156,288.46823,288.11075,288.26947,288.46124,288.4022,288.4714,288.64407,288.72214,288.46655,288.2986,288.30942,288.46286,288.46527,288.47787,288.24747
2090,288.12204,288.5425,288.49002,288.61166,288.51468,288.397,288.63217,288.41095,288.31528,288.38913,288.4732,288.52692,288.71964,288.5729,288.55057,288.46933,288.54092,288.4875,288.7803,288.3636,288.5538,288.45358,288.42923,288.697,288.56033,288.44962,288.48676,288.33835,288.48846,288.44992,288.52896,288.2935,288.35126,288.44937,288.51727,288.4982,288.52426,288.3788,288.3956,288.21628,288.44604,288.4233,288.64822,288.52603,288.6295,288.43845,288.04645,288.25586,288.5846,288.44424,288.46658,288.3865,288.6146,288.52536,288.0676,288.3484,288.48032,288.44955,288.60358,288.4905
2091,288.1666,288.547,288.40997,288.44897,288.4512,288.39417,288.60696,288.39737,288.41556,288.45728,288.58063,288.554,288.59952,288.60196,288.60684,288.44574,288.57513,288.4481,288.515,288.32138,288.54028,288.35934,288.5744,288.03287,288.6661,288.4195,288.272,288.3065,288.47916,288.4724,288.52792,288.49252,288.43478,288.4864,288.4327,288.4462,288.41296,288.48343,288.3906,288.00345,288.35254,288.52847,288.6767,288.58627,288.56543,288.3456,288.15573,288.41156,288.55634,288.5105,288.34042,288.49887,288.50037,288.5034,288.17682,288.36227,288.4789,288.42722,288.49173,288.5714
2092,288.4127,288.4451,288.55405,288.3392,288.55463,288.5388,288.5262,288.49222,288.48672,288.52637,288.54977,288.59076,288.4896,288.6008,288.59183,288.4504,288.5616,288.52512,288.46472,288.60754,288.52454,288.39545,288.69315,288.13986,288.4913,288.41293,288.1149,288.299,288.50668,287.92773,288.64053,288.4936,288.34088,288.33145,288.3959,288.49222,288.35773,288.51193,288.381,288.13077,288.3914,288.4993,288.48395,288.54587,288.5187,288.38376,287.9617,288.52042,288.46423,288.63876,288.43753,288.6276,288.31876,288.53644,288.0853,288.4351,288.5532,288.41153,288.56497,288.4
2093,288.26492,288.37912,288.645,288.45428,288.58212,288.6167,288.4279,288.51285,288.39908,288.68436,288.5271,288.56702,288.41537,288.58804,288.6575,288.3976,288.43994,288.64417,288.41168,288.69553,288.53546,288.47705,288.60037,288.21176,288.606,288.5303,288.1664,288.4211,288.58487,287.84225,288.58664,288.56683,288.32907,287.9926,288.3686,288.57724,288.12085,288.473,288.34427,288.1719,288.37817,288.47128,288.4191,288.3921,288.32175,288.3848,287.72174,288.38873,288.4411,288.61502,288.48032,288.51373,288.43604,288.32907,288.1741,288.42557,288.41223,288.39154,288.50308,288.46133
2094,288.26877,288.48126,288.61002,288.39243,288.54645,288.5253,288.37668,288.59824,288.374,288.57782,288.55994,288.24777,288.56696,288.4456,288.52017,288.45078,288.44913,287.5052,288.4855,288.57724,288.59097,288.39905,288.49005,288.34418,288.56992,288.40192,288.0533,288.63632,288.57095,288.02353,288.488,288.6335,288.39172,287.9633,288.471,288.34103,288.18213,288.47714,288.3939,288.22852,288.39325,288.44785,288.4436,288.48965,287.9973,288.5662,288.00272,288.45914,288.31897,288.5659,288.6179,288.63693,288.48865,288.37238,288.37158,288.4235,288.43558,288.44714,288.41034,288.61636
2095,288.316,288.64026,288.51065,288.38538,288.41867,288.4292,288.46167,288.4739,288.38544,288.50363,288.4386,288.3662,288.60834,288.57742,288.50626,288.46265,288.47458,287.3584,288.4191,288.54306,288.49222,288.51657,288.41672,288.41068,288.4551,288.48926,288.2416,288.44742,288.4614,288.07224,288.36365,288.50052,288.3748,288.214,288.38376,288.4366,288.27805,288.4435,288.36612,288.26416,288.42624,288.51462,288.52625,288.49902,288.24783,288.42075,288.32803,288.6414,288.42682,288.55368,288.52023,288.5274,288.4621,288.47556,288.41788,288.43137,288.40506,288.38184,288.44986,288.58325
2096,288.3107,288.6568,288.42557,288.5172,288.50345,288.44302,288.51303,288.5271,288.49948,288.51163,288.27188,288.431,288.52707,288.52307,288.47427,288.53244,288.53354,287.5405,288.53052,288.46317,288.5411,288.43948,288.5066,288.37723,288.46634,288.51993,288.3371,288.48047,288.49582,288.18735,288.51376,288.4622,288.2707,288.45038,288.62924,288.53757,288.3994,288.573,288.396,288.28806,288.43323,288.6312,288.53613,288.5823,288.48306,288.48856,288.3506,288.41196,288.39194,288.40082,288.56473,288.6035,288.66257,288.3729,288.11627,288.295,288.4153,288.4437,288.5327,288.50345
2097,288.38773,288.58353,288.4421,288.43,288.59564,288.55786,288.50363,288.60687,288.59085,288.57712,288.31613,288.5042,288.60498,288.46323,288.6492,288.56082,288.6691,287.91577,288.70517,288.5468,288.63376,288.47437,288.47443,288.40964,288.40915,288.61554,288.5576,288.5093,288.72458,288.24985,288.5192,288.5184,288.4656,288.67722,288.6356,288.3701,288.2311,288.37656,288.41864,288.4589,288.59048,288.59866,288.58362,288.55902,288.2904,288.55338,288.26395,288.35388,287.7008,288.59885,288.62207,288.4891,288.7368,288.39984,288.1989,288.49423,288.51828,288.43085,288.60236,288.62085
2098,288.45297,288.54086,288.52567,288.35333,288.62012,288.42136,288.57205,288.75565,288.4457,288.61395,288.58475,288.52414,288.561,288.48572,288.62717,288.5189,288.61942,288.00912,288.52127,288.7012,288.61523,288.6066,288.61514,288.65118,288.3551,288.63403,288.49316,288.4283,288.55313,288.22116,288.5588,288.44125,288.62357,288.56473,288.52484,288.43552,288.3892,288.45782,288.5114,288.56348,288.6922,288.45367,288.7159,288.53122,288.35568,288.57245,288.3631,288.40225,287.29657,288.70337,288.64786,288.6682,288.68063,288.65775,288.3679,288.52463,288.6011,288.5665,288.63177,288.61026
2099,288.72726,288.53592,288.52853,288.50443,288.64606,288.40036,288.68976,288.56274,288.45816,288.62686,288.6489,288.58057,288.66794,288.573,288.5336,288.60843,288.58792,288.0693,288.61484,288.78433,288.44037,288.63208,288.48535,288.5244,288.36752,288.4566,288.38345,288.28555,288.58072,288.39325,288.45523,288.54343,288.43735,287.92587,288.5388,288.60428,288.5831,288.27243,288.59332,288.50198,288.59836,288.3718,288.66336,288.58023,288.38525,288.56882,288.46658,288.43863,287.42316,288.55438,288.50143,288.73196,288.49173,288.49588,288.61502,288.38574,288.47025,288.64774,288.56702,288.48907
